milestone_id,milestone_title
1,AA in Art & Design
2,Clinical Data Coordinator
3,Middle School Diploma
4,Published Project
5,High School Diploma
6,Mentorship Program
7,Internship
8,BS in Information Systems
9,High School Diploma
10,Junior QA Tester
11,Middle School Diploma
12,Product Designer
13,Published Project
14,BA in Studio Arts
15,High School Diploma
16,AA in Art & Design
17,Systems Analyst
18,IT Help Desk Trainee
19,Published Project
20,Product Designer
21,High School Diploma
22,Internship
23,Digital Illustration Certificate
24,High School Diploma
25,Competition Award
26,Customer Support Rep
27,Competition Award
28,Digital Illustration Certificate
29,Competition Award
30,BS in Information Systems
31,MFA in Studio Arts
32,Internship
33,High School Diploma
34,Data Analytics Certificate
35,Customer Support Rep
36,Customer Support Rep
37,Internship
38,Internship
39,BS in Information Systems
40,Internship
41,Camp Counselor
42,Published Project
43,BA in Studio Arts
44,Data Analytics Certificate
45,High School Diploma
46,AA in Art & Design
47,AAS in Drafting & Design
48,BS in Mechanical Engineering
49,Middle School Diploma
50,AAS in Drafting & Design
51,Studio Assistant
52,Web Development Certificate
53,Middle School Diploma
54,Competition Award
55,Middle School Diploma
56,MBA
57,Internship
58,AA in Art & Design
59,Middle School Diploma
60,Published Project
61,Mentorship Program
62,Camp Counselor
63,AA in Art & Design
64,Published Project
65,High School Diploma
66,Clinical Data Coordinator
67,Published Project
68,Clinical Data Coordinator
69,Retail Assistant
70,Mentorship Program
71,Competition Award
72,Camp Counselor
73,MFA in Studio Arts
74,IT Help Desk Trainee
75,Middle School Diploma
76,Systems Analyst
77,BA in Studio Arts
78,Lifeguard
79,Middle School Diploma
80,Competition Award
81,Internship
82,BA in Studio Arts
83,Internship
84,Competition Award
85,Middle School Diploma
86,AS in Information Systems
87,Studio Assistant
88,BS in Data Analytics
89,Published Project
90,Customer Support Rep
91,Mentorship Program
92,Middle School Diploma
93,MBA
94,Mentorship Program
95,AS in Computer Science
96,Middle School Diploma
97,Competition Award
98,Published Project
99,AAS in Drafting & Design
100,Web Development Certificate
101,MS in Information Systems
102,High School Diploma
103,Competition Award
104,Middle School Diploma
105,MBA
106,Product Designer
107,Web Development Certificate
108,Lab Assistant
109,Middle School Diploma
110,Mentorship Program
111,Middle School Diploma
112,Data Analyst
113,Mentorship Program
114,MS in Information Systems
115,Published Project
116,Published Project
117,Studio Assistant
118,Competition Award
119,Published Project
120,High School Diploma
121,Digital Illustration Certificate
122,Camp Counselor
123,BS in Computer Science
124,MFA in Studio Arts
125,Internship
126,Junior Art Assistant
127,BS in Data Analytics
128,Mentorship Program
129,Web Development Certificate
130,AAS in Drafting & Design
131,BA in Studio Arts
132,Internship
133,Mentorship Program
134,IT Support Certificate
135,IT Support Certificate
136,Internship
137,High School Diploma
138,Published Project
139,IT Help Desk Trainee
140,Data Analyst
141,Camp Counselor
142,IT Support Certificate
143,Middle School Diploma
144,BS in Data Analytics
145,IT Help Desk Trainee
146,Published Project
147,Internship
148,Product Designer
149,Published Project
150,Competition Award
151,Digital Illustration Certificate
152,MBA
153,Web Development Certificate
154,AS in Information Systems
155,Middle School Diploma
156,Clinical Data Coordinator
157,BS in Information Systems
158,Lab Assistant
159,IT Support Certificate
160,BS in Information Systems
161,Published Project
162,Systems Analyst
163,Internship
164,Junior QA Tester
165,Published Project
166,Clinical Data Coordinator
167,High School Diploma
168,BS in Data Analytics
169,Mentorship Program
170,Published Project
171,Competition Award
172,Mentorship Program
173,High School Diploma
174,Camp Counselor
175,High School Diploma
176,Web Development Certificate
177,Competition Award
178,Retail Assistant
179,Published Project
180,High School Diploma
181,Data Analyst
182,Internship
183,Retail Assistant
184,Data Analyst
185,Junior Art Assistant
186,Published Project
187,Retail Assistant
188,Published Project
189,Web Development Certificate
190,Lab Assistant
191,Lifeguard
192,Middle School Diploma
193,Retail Assistant
194,Lifeguard
195,MS in Data Science
196,Data Analyst
197,BS in Computer Science
198,Software Engineer I
199,Middle School Diploma
200,Junior Art Assistant
201,Internship
202,Internship
203,AAS in Drafting & Design
204,Middle School Diploma
205,Digital Illustration Certificate
206,Mentorship Program
207,IT Help Desk Trainee
208,Apprentice Technician
209,Competition Award
210,High School Diploma
211,Competition Award
212,Customer Support Rep
213,Lifeguard
214,Middle School Diploma
215,High School Diploma
216,Middle School Diploma
217,MS in Information Systems
218,Internship
219,Published Project
220,Internship
221,High School Diploma
222,Internship
223,High School Diploma
224,High School Diploma
225,Mentorship Program
226,Systems Analyst
227,Mentorship Program
228,Published Project
229,Competition Award
230,MBA
231,BS in Data Analytics
232,Web Development Certificate
233,Customer Support Rep
234,Middle School Diploma
235,Middle School Diploma
236,Mentorship Program
237,BS in Mechanical Engineering
238,Internship
239,Middle School Diploma
240,AA in Art & Design
241,Competition Award
242,Camp Counselor
243,High School Diploma
244,Middle School Diploma
245,Internship
246,AS in Information Systems
247,Internship
248,Published Project
249,Internship
250,High School Diploma
251,Studio Assistant
252,Middle School Diploma
253,Internship
254,Studio Assistant
255,High School Diploma
256,Internship
257,Mentorship Program
258,Product Designer
259,Data Analyst
260,BS in Data Analytics
261,Software Engineer I
262,MBA
263,Published Project
264,IT Support Certificate
265,Retail Assistant
266,High School Diploma
267,Clinical Data Coordinator
268,Internship
269,Data Analytics Certificate
270,AS in Information Systems
271,IT Support Certificate
272,Internship
273,Systems Analyst
274,High School Diploma
275,Competition Award
276,Mentorship Program
277,Systems Analyst
278,High School Diploma
279,Middle School Diploma
280,MS in Data Science
281,Published Project
282,Middle School Diploma
283,Published Project
284,Middle School Diploma
285,MBA
286,Junior QA Tester
287,AS in Information Systems
288,Published Project
289,BS in Information Systems
290,AS in Information Systems
291,Digital Illustration Certificate
292,Junior QA Tester
293,Junior Art Assistant
294,BS in Data Analytics
295,Middle School Diploma
296,Digital Illustration Certificate
297,Internship
298,Junior Art Assistant
299,AS in Computer Science
300,Mentorship Program
301,Competition Award
302,High School Diploma
303,Retail Assistant
304,AS in Computer Science
305,Internship
306,Middle School Diploma
307,High School Diploma
308,Published Project
309,Competition Award
310,MFA in Studio Arts
311,Lifeguard
312,IT Help Desk Trainee
313,Published Project
314,Middle School Diploma
315,Web Development Certificate
316,Competition Award
317,MBA
318,Retail Assistant
319,High School Diploma
320,Internship
321,Competition Award
322,Competition Award
323,IT Support Certificate
324,AS in Computer Science
325,Camp Counselor
326,Competition Award
327,Mentorship Program
328,Internship
329,Lab Assistant
330,Lab Assistant
331,Web Development Certificate
332,MS in Information Systems
333,Software Engineer I
334,Systems Analyst
335,Web Development Certificate
336,Middle School Diploma
337,Web Development Certificate
338,Competition Award
339,Mentorship Program
340,Middle School Diploma
341,Published Project
342,Competition Award
343,Middle School Diploma
344,BS in Information Systems
345,MS in Information Systems
346,Published Project
347,Mentorship Program
348,MFA in Studio Arts
349,Middle School Diploma
350,Internship
351,Competition Award
352,MS in Information Systems
353,Published Project
354,MS in Data Science
355,Middle School Diploma
356,High School Diploma
357,AA in Art & Design
358,Middle School Diploma
359,Web Development Certificate
360,Software Engineer I
361,Published Project
362,Camp Counselor
363,Digital Illustration Certificate
364,IT Help Desk Trainee
365,Competition Award
366,Camp Counselor
367,MS in Information Systems
368,Software Engineer I
369,Web Development Certificate
370,Customer Support Rep
371,AS in Computer Science
372,Camp Counselor
373,AAS in Drafting & Design
374,Junior QA Tester
375,Apprentice Technician
376,BA in Studio Arts
377,Published Project
378,High School Diploma
379,Data Analytics Certificate
380,Competition Award
381,Camp Counselor
382,MBA
383,MBA
384,MFA in Studio Arts
385,AS in Computer Science
386,Customer Support Rep
387,Mentorship Program
388,IT Support Certificate
389,Published Project
390,Middle School Diploma
391,Web Development Certificate
392,AA in Art & Design
393,Mentorship Program
394,Mentorship Program
395,Published Project
396,Competition Award
397,Published Project
398,Mentorship Program
399,Clinical Data Coordinator
400,Apprentice Technician
401,Competition Award
402,MS in Information Systems
403,Retail Assistant
404,AA in Art & Design
405,IT Help Desk Trainee
406,Systems Analyst
407,Software Engineer I
408,Internship
409,Published Project
410,Mentorship Program
411,AAS in Drafting & Design
412,BS in Computer Science
413,Internship
414,Web Development Certificate
415,BS in Computer Science
416,Systems Analyst
417,Middle School Diploma
418,Data Analyst
419,AAS in Drafting & Design
420,Competition Award
421,Mentorship Program
422,Middle School Diploma
423,High School Diploma
424,Studio Assistant
425,Middle School Diploma
426,Web Development Certificate
427,Middle School Diploma
428,Digital Illustration Certificate
429,High School Diploma
430,AS in Computer Science
431,Data Analyst
432,MBA
433,Internship
434,Lifeguard
435,AS in Computer Science
436,High School Diploma
437,BS in Data Analytics
438,Middle School Diploma
439,Apprentice Technician
440,MBA
441,Data Analyst
442,Customer Support Rep
443,Internship
444,Middle School Diploma
445,Digital Illustration Certificate
446,BA in Studio Arts
447,MS in Data Science
448,Clinical Data Coordinator
449,Published Project
450,Published Project
451,Retail Assistant
452,AS in Information Systems
453,BS in Information Systems
454,Mentorship Program
455,Internship
456,Middle School Diploma
457,AA in Art & Design
458,BS in Information Systems
459,Web Development Certificate
460,Published Project
461,Junior QA Tester
462,High School Diploma
463,Camp Counselor
464,Camp Counselor
465,AS in Information Systems
466,Systems Analyst
467,Published Project
468,Internship
469,Competition Award
470,Customer Support Rep
471,AAS in Drafting & Design
472,BS in Data Analytics
473,BA in Studio Arts
474,Competition Award
475,Published Project
476,Digital Illustration Certificate
477,Junior Art Assistant
478,AA in Art & Design
479,BS in Computer Science
480,IT Help Desk Trainee
481,IT Support Certificate
482,MS in Information Systems
483,BS in Mechanical Engineering
484,MS in Information Systems
485,Data Analytics Certificate
486,Lifeguard
487,Product Designer
488,Software Engineer I
489,IT Help Desk Trainee
490,Competition Award
491,Mentorship Program
492,Middle School Diploma
493,IT Support Certificate
494,Mentorship Program
495,Internship
496,Internship
497,Internship
498,Internship
499,Apprentice Technician
500,MBA
501,Internship
502,Internship
503,Published Project
504,High School Diploma
505,Customer Support Rep
506,BA in Studio Arts
507,Digital Illustration Certificate
508,Published Project
509,IT Support Certificate
510,Internship
511,Studio Assistant
512,High School Diploma
513,AS in Information Systems
514,Clinical Data Coordinator
515,BA in Studio Arts
516,Competition Award
517,MS in Data Science
518,AA in Art & Design
519,Competition Award
520,Competition Award
521,Camp Counselor
522,Lifeguard
523,BS in Mechanical Engineering
524,Internship
525,High School Diploma
526,Mentorship Program
527,High School Diploma
528,Mentorship Program
529,Competition Award
530,AAS in Drafting & Design
531,Middle School Diploma
532,High School Diploma
533,MS in Data Science
534,AS in Computer Science
535,Internship
536,Middle School Diploma
537,Web Development Certificate
538,Web Development Certificate
539,Retail Assistant
540,Junior Art Assistant
541,BS in Data Analytics
542,IT Support Certificate
543,Software Engineer I
544,AS in Information Systems
545,Data Analytics Certificate
546,Published Project
547,Lifeguard
548,AA in Art & Design
549,Published Project
550,BA in Studio Arts
551,Junior QA Tester
552,Systems Analyst
553,MS in Data Science
554,IT Support Certificate
555,BS in Mechanical Engineering
556,AA in Art & Design
557,AA in Art & Design
558,Middle School Diploma
559,BS in Mechanical Engineering
560,High School Diploma
561,Product Designer
562,Published Project
563,AA in Art & Design
564,AA in Art & Design
565,Internship
566,Retail Assistant
567,Lab Assistant
568,Competition Award
569,IT Help Desk Trainee
570,Internship
571,Published Project
572,Studio Assistant
573,MS in Data Science
574,Published Project
575,IT Support Certificate
576,Systems Analyst
577,High School Diploma
578,High School Diploma
579,AS in Computer Science
580,High School Diploma
581,Competition Award
582,Competition Award
583,Mentorship Program
584,Mentorship Program
585,Mentorship Program
586,Middle School Diploma
587,MFA in Studio Arts
588,Mentorship Program
589,Internship
590,BS in Mechanical Engineering
591,High School Diploma
592,Competition Award
593,High School Diploma
594,AAS in Drafting & Design
595,Internship
596,Lab Assistant
597,Lab Assistant
598,Retail Assistant
599,Middle School Diploma
600,Internship
601,MS in Data Science
602,Published Project
603,Data Analytics Certificate
604,MBA
605,Middle School Diploma
606,Retail Assistant
607,Data Analytics Certificate
608,MS in Information Systems
609,Mentorship Program
610,Digital Illustration Certificate
611,Middle School Diploma
612,Internship
613,MS in Information Systems
614,Mentorship Program
615,AAS in Drafting & Design
616,BA in Studio Arts
617,Junior QA Tester
618,Camp Counselor
619,AS in Computer Science
620,Data Analytics Certificate
621,Published Project
622,Clinical Data Coordinator
623,Middle School Diploma
624,Camp Counselor
625,High School Diploma
626,MS in Data Science
627,High School Diploma
628,High School Diploma
629,Clinical Data Coordinator
630,High School Diploma
631,Retail Assistant
632,Mentorship Program
633,Competition Award
634,BS in Mechanical Engineering
635,Published Project
636,High School Diploma
637,Internship
638,Middle School Diploma
639,AA in Art & Design
640,High School Diploma
641,MFA in Studio Arts
642,Software Engineer I
643,Mentorship Program
644,Retail Assistant
645,BS in Computer Science
646,Middle School Diploma
647,Middle School Diploma
648,Published Project
649,Software Engineer I
650,Studio Assistant
651,Systems Analyst
652,Mentorship Program
653,BA in Studio Arts
654,Published Project
655,Web Development Certificate
656,Competition Award
657,Middle School Diploma
658,Middle School Diploma
659,BS in Information Systems
660,High School Diploma
661,IT Support Certificate
662,Internship
663,Junior Art Assistant
664,Internship
665,IT Support Certificate
666,Mentorship Program
667,BS in Information Systems
668,Studio Assistant
669,Digital Illustration Certificate
670,High School Diploma
671,Published Project
672,MS in Information Systems
673,Middle School Diploma
674,Competition Award
675,Apprentice Technician
676,BS in Mechanical Engineering
677,Internship
678,Junior QA Tester
679,Junior Art Assistant
680,Apprentice Technician
681,MS in Information Systems
682,Published Project
683,BS in Information Systems
684,Competition Award
685,Middle School Diploma
686,High School Diploma
687,AAS in Drafting & Design
688,Internship
689,Retail Assistant
690,Middle School Diploma
691,High School Diploma
692,High School Diploma
693,AAS in Drafting & Design
694,MFA in Studio Arts
695,Data Analyst
696,IT Help Desk Trainee
697,Lab Assistant
698,Data Analytics Certificate
699,Mentorship Program
700,Published Project
701,High School Diploma
702,Competition Award
703,Middle School Diploma
704,Internship
705,High School Diploma
706,Published Project
707,Lab Assistant
708,Digital Illustration Certificate
709,Internship
710,Retail Assistant
711,High School Diploma
712,MS in Information Systems
713,Digital Illustration Certificate
714,Junior Art Assistant
715,Retail Assistant
716,Published Project
717,Web Development Certificate
718,Apprentice Technician
719,Retail Assistant
720,Digital Illustration Certificate
721,Middle School Diploma
722,High School Diploma
723,Lifeguard
724,Apprentice Technician
725,Internship
726,BS in Mechanical Engineering
727,BS in Information Systems
728,Data Analyst
729,BA in Studio Arts
730,Middle School Diploma
731,Apprentice Technician
732,AS in Information Systems
733,Competition Award
734,MS in Data Science
735,Lab Assistant
736,Mentorship Program
737,Digital Illustration Certificate
738,Competition Award
739,Software Engineer I
740,BS in Information Systems
741,Data Analytics Certificate
742,High School Diploma
743,Middle School Diploma
744,MS in Information Systems
745,Mentorship Program
746,Customer Support Rep
747,Data Analytics Certificate
748,Middle School Diploma
749,Web Development Certificate
750,IT Help Desk Trainee
751,IT Help Desk Trainee
752,Competition Award
753,Internship
754,MS in Data Science
755,Published Project
756,Internship
757,AS in Information Systems
758,AS in Information Systems
759,IT Support Certificate
760,Lab Assistant
761,Middle School Diploma
762,Software Engineer I
763,Apprentice Technician
764,MS in Data Science
765,Internship
766,AS in Information Systems
767,Web Development Certificate
768,Competition Award
769,Competition Award
770,AA in Art & Design
771,Mentorship Program
772,Customer Support Rep
773,Competition Award
774,Middle School Diploma
775,MS in Information Systems
776,Clinical Data Coordinator
777,Lab Assistant
778,Product Designer
779,Customer Support Rep
780,Data Analytics Certificate
781,Internship
782,MFA in Studio Arts
783,Competition Award
784,MS in Data Science
785,Digital Illustration Certificate
786,Competition Award
787,AAS in Drafting & Design
788,BS in Data Analytics
789,IT Help Desk Trainee
790,Competition Award
791,Web Development Certificate
792,Published Project
793,High School Diploma
794,Studio Assistant
795,Middle School Diploma
796,Web Development Certificate
797,BA in Studio Arts
798,MS in Data Science
799,Competition Award
800,High School Diploma
801,Retail Assistant
802,Mentorship Program
803,MS in Data Science
804,AA in Art & Design
805,Junior QA Tester
806,Customer Support Rep
807,Mentorship Program
808,Competition Award
809,AS in Information Systems
810,Competition Award
811,Published Project
812,BS in Computer Science
813,IT Support Certificate
814,Lifeguard
815,Studio Assistant
816,Middle School Diploma
817,BS in Computer Science
818,Retail Assistant
819,BS in Computer Science
820,Published Project
821,Competition Award
822,High School Diploma
823,Internship
824,IT Support Certificate
825,Competition Award
826,Internship
827,BS in Information Systems
828,MS in Information Systems
829,AA in Art & Design
830,Lab Assistant
831,Mentorship Program
832,AS in Information Systems
833,Middle School Diploma
834,Internship
835,Middle School Diploma
836,Internship
837,Middle School Diploma
838,BS in Data Analytics
839,AS in Computer Science
840,IT Support Certificate
841,Internship
842,Mentorship Program
843,High School Diploma
844,High School Diploma
845,Junior QA Tester
846,Internship
847,IT Support Certificate
848,BA in Studio Arts
849,Middle School Diploma
850,BS in Mechanical Engineering
851,Systems Analyst
852,AA in Art & Design
853,Published Project
854,Digital Illustration Certificate
855,AS in Computer Science
856,IT Help Desk Trainee
857,High School Diploma
858,Middle School Diploma
859,Apprentice Technician
860,BS in Data Analytics
861,Mentorship Program
862,High School Diploma
863,Product Designer
864,Apprentice Technician
865,Middle School Diploma
866,Junior Art Assistant
867,Data Analytics Certificate
868,Lab Assistant
869,Internship
870,Published Project
871,Internship
872,AS in Computer Science
873,Mentorship Program
874,AS in Information Systems
875,BS in Data Analytics
876,Clinical Data Coordinator
877,AS in Information Systems
878,Competition Award
879,MS in Information Systems
880,High School Diploma
881,AS in Information Systems
882,Middle School Diploma
883,Clinical Data Coordinator
884,High School Diploma
885,AS in Information Systems
886,Web Development Certificate
887,AA in Art & Design
888,Competition Award
889,Middle School Diploma
890,Data Analytics Certificate
891,IT Support Certificate
892,IT Help Desk Trainee
893,High School Diploma
894,Studio Assistant
895,Competition Award
896,Data Analyst
897,Published Project
898,Competition Award
899,Internship
900,Mentorship Program
901,Lab Assistant
902,Competition Award
903,Studio Assistant
904,MS in Data Science
905,High School Diploma
906,Middle School Diploma
907,Published Project
908,Junior QA Tester
909,MFA in Studio Arts
910,Middle School Diploma
911,Lab Assistant
912,Published Project
913,Internship
914,Internship
915,Junior Art Assistant
916,AS in Computer Science
917,MS in Data Science
918,Apprentice Technician
919,Competition Award
920,Mentorship Program
921,Clinical Data Coordinator
922,High School Diploma
923,High School Diploma
924,Published Project
925,MBA
926,Camp Counselor
927,Middle School Diploma
928,Published Project
929,Apprentice Technician
930,Digital Illustration Certificate
931,Lifeguard
932,Customer Support Rep
933,Internship
934,High School Diploma
935,Middle School Diploma
936,Apprentice Technician
937,Systems Analyst
938,Mentorship Program
939,Systems Analyst
940,High School Diploma
941,IT Support Certificate
942,Clinical Data Coordinator
943,Published Project
944,Customer Support Rep
945,Apprentice Technician
946,BS in Information Systems
947,Apprentice Technician
948,High School Diploma
949,Middle School Diploma
950,BS in Computer Science
951,Digital Illustration Certificate
952,Competition Award
953,Product Designer
954,AAS in Drafting & Design
955,Product Designer
956,Middle School Diploma
957,Camp Counselor
958,Middle School Diploma
959,High School Diploma
960,Middle School Diploma
961,AAS in Drafting & Design
962,Mentorship Program
963,Internship
964,AAS in Drafting & Design
965,Lab Assistant
966,Mentorship Program
967,MFA in Studio Arts
968,Customer Support Rep
969,Lifeguard
970,Published Project
971,MFA in Studio Arts
972,Internship
973,Internship
974,Junior Art Assistant
975,Product Designer
976,Mentorship Program
977,Middle School Diploma
978,MFA in Studio Arts
979,Apprentice Technician
980,Competition Award
981,High School Diploma
982,Published Project
983,Systems Analyst
984,Mentorship Program
985,Internship
986,Studio Assistant
987,Software Engineer I
988,Mentorship Program
989,Internship
990,Published Project
991,Mentorship Program
992,Published Project
993,High School Diploma
994,Published Project
995,Product Designer
996,Systems Analyst
997,AS in Computer Science
998,BA in Studio Arts
999,High School Diploma
1000,Web Development Certificate
1001,Internship
1002,MS in Data Science
1003,Published Project
1004,Data Analyst
1005,Mentorship Program
1006,Published Project
1007,IT Help Desk Trainee
1008,Clinical Data Coordinator
1009,Mentorship Program
1010,MS in Data Science
1011,Internship
1012,Digital Illustration Certificate
1013,Data Analytics Certificate
1014,Competition Award
1015,AAS in Drafting & Design
1016,Lifeguard
1017,BS in Mechanical Engineering
1018,Published Project
1019,MS in Data Science
1020,Published Project
1021,Camp Counselor
1022,Middle School Diploma
1023,Middle School Diploma
1024,IT Support Certificate
1025,Middle School Diploma
1026,Lab Assistant
1027,Web Development Certificate
1028,Apprentice Technician
1029,Published Project
1030,BS in Data Analytics
1031,IT Support Certificate
1032,Mentorship Program
1033,Published Project
1034,MBA
1035,High School Diploma
1036,Competition Award
1037,Middle School Diploma
1038,Published Project
1039,AS in Information Systems
1040,Internship
1041,Data Analyst
1042,BS in Computer Science
1043,Data Analytics Certificate
1044,Apprentice Technician
1045,Software Engineer I
1046,BS in Information Systems
1047,Mentorship Program
1048,AS in Information Systems
1049,High School Diploma
1050,Lifeguard
1051,Camp Counselor
1052,AAS in Drafting & Design
1053,Junior Art Assistant
1054,Competition Award
1055,MS in Information Systems
1056,Product Designer
1057,Camp Counselor
1058,Competition Award
1059,Published Project
1060,IT Support Certificate
1061,High School Diploma
1062,Published Project
1063,Systems Analyst
1064,MS in Data Science
1065,Mentorship Program
1066,Mentorship Program
1067,Middle School Diploma
1068,Competition Award
1069,IT Support Certificate
1070,Mentorship Program
1071,Clinical Data Coordinator
1072,Lab Assistant
1073,AA in Art & Design
1074,MBA
1075,Published Project
1076,MS in Data Science
1077,AS in Computer Science
1078,BS in Data Analytics
1079,High School Diploma
1080,Middle School Diploma
1081,Studio Assistant
1082,Web Development Certificate
1083,Middle School Diploma
1084,Web Development Certificate
1085,Middle School Diploma
1086,Internship
1087,Web Development Certificate
1088,Data Analyst
1089,Data Analyst
1090,BA in Studio Arts
1091,Lab Assistant
1092,MS in Information Systems
1093,Mentorship Program
1094,Published Project
1095,Competition Award
1096,MFA in Studio Arts
1097,Internship
1098,Middle School Diploma
1099,High School Diploma
1100,MBA
1101,Middle School Diploma
1102,AAS in Drafting & Design
1103,Studio Assistant
1104,AAS in Drafting & Design
1105,Mentorship Program
1106,Middle School Diploma
1107,BS in Mechanical Engineering
1108,Published Project
1109,Competition Award
1110,Digital Illustration Certificate
1111,Competition Award
1112,Digital Illustration Certificate
1113,MBA
1114,Published Project
1115,Internship
1116,BA in Studio Arts
1117,Internship
1118,Systems Analyst
1119,Middle School Diploma
1120,AS in Computer Science
1121,High School Diploma
1122,High School Diploma
1123,AS in Information Systems
1124,Digital Illustration Certificate
1125,Lab Assistant
1126,Internship
1127,Published Project
1128,Retail Assistant
1129,Lab Assistant
1130,Middle School Diploma
1131,Competition Award
1132,Lifeguard
1133,Middle School Diploma
1134,Web Development Certificate
1135,Internship
1136,Clinical Data Coordinator
1137,Camp Counselor
1138,Mentorship Program
1139,BS in Data Analytics
1140,Competition Award
1141,Mentorship Program
1142,Software Engineer I
1143,AA in Art & Design
1144,Published Project
1145,BS in Information Systems
1146,Apprentice Technician
1147,Lifeguard
1148,Mentorship Program
1149,BS in Information Systems
1150,Competition Award
1151,AS in Computer Science
1152,Digital Illustration Certificate
1153,High School Diploma
1154,Mentorship Program
1155,High School Diploma
1156,Middle School Diploma
1157,Data Analytics Certificate
1158,Junior Art Assistant
1159,High School Diploma
1160,Mentorship Program
1161,Customer Support Rep
1162,AA in Art & Design
1163,Competition Award
1164,Mentorship Program
1165,Systems Analyst
1166,BS in Information Systems
1167,AS in Information Systems
1168,Internship
1169,MS in Data Science
1170,High School Diploma
1171,BA in Studio Arts
1172,Mentorship Program
1173,Software Engineer I
1174,Mentorship Program
1175,Competition Award
1176,Mentorship Program
1177,Junior Art Assistant
1178,Lab Assistant
1179,Internship
1180,Internship
1181,BS in Information Systems
1182,Internship
1183,Junior Art Assistant
1184,Middle School Diploma
1185,Retail Assistant
1186,MBA
1187,Junior Art Assistant
1188,Middle School Diploma
1189,AAS in Drafting & Design
1190,High School Diploma
1191,Customer Support Rep
1192,Middle School Diploma
1193,Data Analyst
1194,MS in Information Systems
1195,Published Project
1196,Junior Art Assistant
1197,BS in Information Systems
1198,High School Diploma
1199,BS in Data Analytics
1200,Apprentice Technician
1201,Middle School Diploma
1202,Apprentice Technician
1203,Lab Assistant
1204,Internship
1205,Published Project
1206,Mentorship Program
1207,AS in Information Systems
1208,BS in Data Analytics
1209,MS in Information Systems
1210,Mentorship Program
1211,Published Project
1212,Internship
1213,BS in Data Analytics
1214,MFA in Studio Arts
1215,Internship
1216,Middle School Diploma
1217,Software Engineer I
1218,Systems Analyst
1219,Competition Award
1220,Internship
1221,Competition Award
1222,BS in Computer Science
1223,High School Diploma
1224,Junior Art Assistant
1225,BS in Data Analytics
1226,Competition Award
1227,IT Support Certificate
1228,Data Analytics Certificate
1229,BS in Computer Science
1230,Mentorship Program
1231,Competition Award
1232,Mentorship Program
1233,Software Engineer I
1234,BS in Information Systems
1235,Competition Award
1236,Published Project
1237,Junior QA Tester
1238,Mentorship Program
1239,Digital Illustration Certificate
1240,Internship
1241,Mentorship Program
1242,Published Project
1243,Software Engineer I
1244,Digital Illustration Certificate
1245,Competition Award
1246,Internship
1247,Competition Award
1248,Published Project
1249,IT Support Certificate
1250,IT Help Desk Trainee
1251,Camp Counselor
1252,High School Diploma
1253,Internship
1254,High School Diploma
1255,Studio Assistant
1256,BS in Information Systems
1257,MS in Information Systems
1258,Middle School Diploma
1259,Mentorship Program
1260,Competition Award
1261,Lab Assistant
1262,Retail Assistant
1263,Junior QA Tester
1264,MFA in Studio Arts
1265,MS in Information Systems
1266,BS in Data Analytics
1267,Internship
1268,Competition Award
1269,MFA in Studio Arts
1270,High School Diploma
1271,Published Project
1272,Mentorship Program
1273,Mentorship Program
1274,IT Help Desk Trainee
1275,Digital Illustration Certificate
1276,Junior QA Tester
1277,High School Diploma
1278,Retail Assistant
1279,MBA
1280,Published Project
1281,Published Project
1282,Published Project
1283,Product Designer
1284,Published Project
1285,Competition Award
1286,High School Diploma
1287,Studio Assistant
1288,Data Analyst
1289,Middle School Diploma
1290,MS in Data Science
1291,Published Project
1292,Web Development Certificate
1293,High School Diploma
1294,AA in Art & Design
1295,Lifeguard
1296,BS in Information Systems
1297,Internship
1298,BS in Mechanical Engineering
1299,Published Project
1300,High School Diploma
1301,Clinical Data Coordinator
1302,Mentorship Program
1303,Internship
1304,Data Analyst
1305,AS in Information Systems
1306,Internship
1307,Mentorship Program
1308,BS in Information Systems
1309,MS in Information Systems
1310,Published Project
1311,IT Support Certificate
1312,Internship
1313,Junior QA Tester
1314,Camp Counselor
1315,AS in Information Systems
1316,Mentorship Program
1317,Middle School Diploma
1318,IT Help Desk Trainee
1319,Customer Support Rep
1320,Published Project
1321,MS in Information Systems
1322,Customer Support Rep
1323,High School Diploma
1324,Published Project
1325,Clinical Data Coordinator
1326,Mentorship Program
1327,AAS in Drafting & Design
1328,Clinical Data Coordinator
1329,MBA
1330,AS in Information Systems
1331,MFA in Studio Arts
1332,Competition Award
1333,Data Analyst
1334,Digital Illustration Certificate
1335,MFA in Studio Arts
1336,Middle School Diploma
1337,BS in Mechanical Engineering
1338,Published Project
1339,Junior QA Tester
1340,Digital Illustration Certificate
1341,High School Diploma
1342,Systems Analyst
1343,High School Diploma
1344,MBA
1345,Junior Art Assistant
1346,Internship
1347,AS in Information Systems
1348,Apprentice Technician
1349,MBA
1350,Mentorship Program
1351,BS in Computer Science
1352,BS in Mechanical Engineering
1353,Competition Award
1354,Published Project
1355,Published Project
1356,Digital Illustration Certificate
1357,Lab Assistant
1358,Competition Award
1359,Middle School Diploma
1360,Published Project
1361,BS in Data Analytics
1362,Middle School Diploma
1363,Middle School Diploma
1364,Studio Assistant
1365,MFA in Studio Arts
1366,Published Project
1367,MBA
1368,Internship
1369,Published Project
1370,Junior Art Assistant
1371,High School Diploma
1372,BS in Mechanical Engineering
1373,Published Project
1374,Internship
1375,High School Diploma
1376,High School Diploma
1377,AA in Art & Design
1378,IT Support Certificate
1379,Published Project
1380,MBA
1381,AA in Art & Design
1382,Middle School Diploma
1383,Middle School Diploma
1384,AS in Computer Science
1385,Apprentice Technician
1386,IT Support Certificate
1387,High School Diploma
1388,IT Support Certificate
1389,Mentorship Program
1390,AS in Information Systems
1391,Camp Counselor
1392,MS in Information Systems
1393,Software Engineer I
1394,Competition Award
1395,Published Project
1396,Middle School Diploma
1397,High School Diploma
1398,Web Development Certificate
1399,BS in Mechanical Engineering
1400,Customer Support Rep
1401,MS in Data Science
1402,Competition Award
1403,Middle School Diploma
1404,Junior Art Assistant
1405,High School Diploma
1406,IT Help Desk Trainee
1407,High School Diploma
1408,High School Diploma
1409,BA in Studio Arts
1410,Lifeguard
1411,Studio Assistant
1412,Apprentice Technician
1413,Competition Award
1414,High School Diploma
1415,BS in Mechanical Engineering
1416,AAS in Drafting & Design
1417,IT Support Certificate
1418,MS in Data Science
1419,MFA in Studio Arts
1420,Published Project
1421,Lifeguard
1422,Mentorship Program
1423,BS in Computer Science
1424,AS in Information Systems
1425,BS in Computer Science
1426,Mentorship Program
1427,Mentorship Program
1428,Mentorship Program
1429,Mentorship Program
1430,Middle School Diploma
1431,Lifeguard
1432,BS in Computer Science
1433,Mentorship Program
1434,Data Analytics Certificate
1435,Lifeguard
1436,Mentorship Program
1437,Competition Award
1438,Published Project
1439,Mentorship Program
1440,Lifeguard
1441,BS in Mechanical Engineering
1442,High School Diploma
1443,Retail Assistant
1444,Middle School Diploma
1445,Studio Assistant
1446,Junior QA Tester
1447,Published Project
1448,Published Project
1449,High School Diploma
1450,BS in Computer Science
1451,Middle School Diploma
1452,Published Project
1453,Systems Analyst
1454,Data Analytics Certificate
1455,Middle School Diploma
1456,Web Development Certificate
1457,Data Analytics Certificate
1458,Internship
1459,Studio Assistant
1460,AS in Computer Science
1461,MS in Information Systems
1462,Lab Assistant
1463,High School Diploma
1464,Competition Award
1465,High School Diploma
1466,Internship
1467,BS in Data Analytics
1468,Customer Support Rep
1469,Published Project
1470,Published Project
1471,Middle School Diploma
1472,High School Diploma
1473,Internship
1474,BS in Data Analytics
1475,High School Diploma
1476,Internship
1477,Published Project
1478,Mentorship Program
1479,Competition Award
1480,MBA